[
{
  "model": "food.stall",
  "pk": 1,
  "fields": {
    "name": "34 Block Canteen",
    "location": "34 Block",
    "is_active": true,
    "description": "",
    "created_at": "2026-02-21T12:00:30.550Z"
  }
},
{
  "model": "food.stall",
  "pk": 2,
  "fields": {
    "name": "Thali House",
    "location": "33 Block",
    "is_active": true,
    "description": "",
    "created_at": "2026-02-21T12:00:30.554Z"
  }
},
{
  "model": "food.stall",
  "pk": 3,
  "fields": {
    "name": "Punjabi Tadka",
    "location": "31 Block",
    "is_active": true,
    "description": "",
    "created_at": "2026-02-21T12:00:30.555Z"
  }
},
{
  "model": "food.stall",
  "pk": 4,
  "fields": {
    "name": "Wok n Roll",
    "location": "32 Block",
    "is_active": true,
    "description": "",
    "created_at": "2026-02-21T12:00:30.559Z"
  }
},
{
  "model": "food.stall",
  "pk": 5,
  "fields": {
    "name": "Oven Express",
    "location": "Unimall",
    "is_active": true,
    "description": "",
    "created_at": "2026-02-21T12:00:30.562Z"
  }
},
{
  "model": "food.stall",
  "pk": 6,
  "fields": {
    "name": "25 Block Canteen",
    "location": "25 Block",
    "is_active": true,
    "description": "",
    "created_at": "2026-02-21T12:00:30.563Z"
  }
},
{
  "model": "food.stall",
  "pk": 7,
  "fields": {
    "name": "Kitchen Ette",
    "location": "BH-1",
    "is_active": true,
    "description": "",
    "created_at": "2026-02-21T12:00:30.564Z"
  }
},
{
  "model": "food.stall",
  "pk": 8,
  "fields": {
    "name": "Campus Bites",
    "location": "29 Block",
    "is_active": true,
    "description": "",
    "created_at": "2026-02-21T12:00:30.565Z"
  }
},
{
  "model": "food.stall",
  "pk": 9,
  "fields": {
    "name": "Block 27 Canteen",
    "location": "27 Block",
    "is_active": true,
    "description": "",
    "created_at": "2026-02-21T12:00:30.566Z"
  }
},
{
  "model": "food.stall",
  "pk": 10,
  "fields": {
    "name": "Studio Snacks",
    "location": "Boys studios-9",
    "is_active": true,
    "description": "",
    "created_at": "2026-02-21T12:00:30.567Z"
  }
},
{
  "model": "food.stall",
  "pk": 11,
  "fields": {
    "name": "GH-2 Cafe",
    "location": "Near Gh-2",
    "is_active": true,
    "description": "",
    "created_at": "2026-02-21T12:00:30.568Z"
  }
},
{
  "model": "food.stall",
  "pk": 12,
  "fields": {
    "name": "Green Bowl",
    "location": "Uni Hospital",
    "is_active": true,
    "description": "",
    "created_at": "2026-02-21T12:00:30.568Z"
  }
},
{
  "model": "food.stall",
  "pk": 13,
  "fields": {
    "name": "Night Mess",
    "location": "37 Block",
    "is_active": true,
    "description": "",
    "created_at": "2026-02-21T12:00:30.569Z"
  }
},
{
  "model": "food.stall",
  "pk": 14,
  "fields": {
    "name": "Apartment Canteen",
    "location": "41 Block",
    "is_active": true,
    "description": "",
    "created_at": "2026-02-21T12:00:30.570Z"
  }
},
{
  "model": "food.stall",
  "pk": 15,
  "fields": {
    "name": "Creamstone",
    "location": "Unimall",
    "is_active": true,
    "description": "",
    "created_at": "2026-02-21T12:00:30.571Z"
  }
},
{
  "model": "food.fooditem",
  "pk": 1,
  "fields": {
    "name": "Idli (2 pcs)",
    "description": "Steamed rice cakes with chutney",
    "price": "25.00",
    "is_active": true,
    "stall": 1,
    "stall_name": "34 Block Canteen",
    "location": "34 Block",
    "category": "Healthy",
    "image_url": "https://images.unsplash.com/photo-1533089862017-5614ecb352ae?w=400&h=300&fit=crop"
  }
},
{
  "model": "food.fooditem",
  "pk": 2,
  "fields": {
    "name": "Vada (2 pcs)",
    "description": "Crispy medu vada with sambar",
    "price": "30.00",
    "is_active": true,
    "stall": 1,
    "stall_name": "34 Block Canteen",
    "location": "34 Block",
    "category": "Healthy",
    "image_url": "https://images.unsplash.com/photo-1610192249866-494c72c08227?w=400&h=300&fit=crop"
  }
},
{
  "model": "food.fooditem",
  "pk": 3,
  "fields": {
    "name": "Idli Vada Combo",
    "description": "2 idli + 1 vada with sambar",
    "price": "35.00",
    "is_active": true,
    "stall": 1,
    "stall_name": "34 Block Canteen",
    "location": "34 Block",
    "category": "Healthy",
    "image_url": "https://images.unsplash.com/photo-1589302168068-964664d93a06?w=400&h=300&fit=crop"
  }
},
{
  "model": "food.fooditem",
  "pk": 4,
  "fields": {
    "name": "Plain Dosa",
    "description": "Crispy plain dosa",
    "price": "30.00",
    "is_active": true,
    "stall": 1,
    "stall_name": "34 Block Canteen",
    "location": "34 Block",
    "category": "Healthy",
    "image_url": "https://images.unsplash.com/photo-1662116765994-54592e877d9e?w=400&h=300&fit=crop"
  }
},
{
  "model": "food.fooditem",
  "pk": 5,
  "fields": {
    "name": "Masala Dosa",
    "description": "Dosa stuffed with potato masala",
    "price": "45.00",
    "is_active": true,
    "stall": 1,
    "stall_name": "34 Block Canteen",
    "location": "34 Block",
    "category": "Healthy",
    "image_url": "https://images.unsplash.com/photo-1631452180519-c014fe946bc7?w=400&h=300&fit=crop"
  }
},
{
  "model": "food.fooditem",
  "pk": 6,
  "fields": {
    "name": "Onion Dosa",
    "description": "Dosa with onion topping",
    "price": "50.00",
    "is_active": true,
    "stall": 1,
    "stall_name": "34 Block Canteen",
    "location": "34 Block",
    "category": "Healthy",
    "image_url": "https://images.unsplash.com/photo-1615276510847-d851f3d7317d?w=400&h=300&fit=crop"
  }
},
{
  "model": "food.fooditem",
  "pk": 7,
  "fields": {
    "name": "Rava Dosa",
    "description": "Thin and crispy rava dosa",
    "price": "55.00",
    "is_active": true,
    "stall": 1,
    "stall_name": "34 Block Canteen",
    "location": "34 Block",
    "category": "Healthy",
    "image_url": "https://images.unsplash.com/photo-1565557623262-b51c2513a641?w=400&h=300&fit=crop"
  }
},
{
  "model": "food.fooditem",
  "pk": 8,
  "fields": {
    "name": "Set Dosa",
    "description": "Soft set dosa (2 pcs)",
    "price": "40.00",
    "is_active": true,
    "stall": 1,
    "stall_name": "34 Block Canteen",
    "location": "34 Block",
    "category": "Healthy",
    "image_url": "https://images.unsplash.com/photo-1626202268668-8a1c24012d03?w=400&h=300&fit=crop"
  }
},
{
  "model": "food.fooditem",
  "pk": 9,
  "fields": {
    "name": "Uttapam",
    "description": "Vegetable uttapam",
    "price": "55.00",
    "is_active": true,
    "stall": 1,
    "stall_name": "34 Block Canteen",
    "location": "34 Block",
    "category": "Healthy",
    "image_url": "https://images.unsplash.com/photo-1606491956689-2ea866880c84?w=400&h=300&fit=crop"
  }
},
{
  "model": "food.fooditem",
  "pk": 10,
  "fields": {
    "name": "Pongal",
    "description": "Ven pongal with ghee",
    "price": "45.00",
    "is_active": true,
    "stall": 1,
    "stall_name": "34 Block Canteen",
    "location": "34 Block",
    "category": "Healthy",
    "image_url": "https://images.unsplash.com/photo-1512621776951-a57141f2eefd?w=400&h=300&fit=crop"
  }
},
{
  "model": "food.fooditem",
  "pk": 11,
  "fields": {
    "name": "Upma",
    "description": "Classic vegetable upma",
    "price": "35.00",
    "is_active": true,
    "stall": 1,
    "stall_name": "34 Block Canteen",
    "location": "34 Block",
    "category": "Healthy",
    "image_url": "https://images.unsplash.com/photo-1601050690597-df0568f70950?w=400&h=300&fit=crop"
  }
},
{
  "model": "food.fooditem",
  "pk": 12,
  "fields": {
    "name": "Lemon Rice",
    "description": "South style lemon rice",
    "price": "45.00",
    "is_active": true,
    "stall": 1,
    "stall_name": "34 Block Canteen",
    "location": "34 Block",
    "category": "Healthy",
    "image_url": "https://images.unsplash.com/photo-1596560548464-f010549b84d7?w=400&h=300&fit=crop"
  }
},
{
  "model": "food.fooditem",
  "pk": 13,
  "fields": {
    "name": "Curd Rice",
    "description": "Comforting curd rice",
    "price": "40.00",
    "is_active": true,
    "stall": 1,
    "stall_name": "34 Block Canteen",
    "location": "34 Block",
    "category": "Healthy",
    "image_url": "https://images.unsplash.com/photo-1585937421612-70a008356fbe?w=400&h=300&fit=crop"
  }
},
{
  "model": "food.fooditem",
  "pk": 14,
  "fields": {
    "name": "Sambar Rice",
    "description": "Rice mixed with sambar",
    "price": "55.00",
    "is_active": true,
    "stall": 1,
    "stall_name": "34 Block Canteen",
    "location": "34 Block",
    "category": "Healthy",
    "image_url": "https://images.unsplash.com/photo-1542361345-89e58247f2d5?w=400&h=300&fit=crop"
  }
},
{
  "model": "food.fooditem",
  "pk": 15,
  "fields": {
    "name": "Filter Coffee",
    "description": "Strong South Indian filter coffee",
    "price": "20.00",
    "is_active": true,
    "stall": 1,
    "stall_name": "34 Block Canteen",
    "location": "34 Block",
    "category": "Beverages",
    "image_url": "https://images.unsplash.com/photo-1514432324607-a09d9b4aefdd?w=400&h=300&fit=crop"
  }
},
{
  "model": "food.fooditem",
  "pk": 16,
  "fields": {
    "name": "Mini South Thali",
    "description": "Rice, sambar, rasam, poriyal, curd",
    "price": "85.00",
    "is_active": true,
    "stall": 2,
    "stall_name": "Thali House",
    "location": "33 Block",
    "category": "North Indian",
    "image_url": "https://images.unsplash.com/photo-1630384060421-cb20d0e0649d?w=400&h=300&fit=crop"
  }
},
{
  "model": "food.fooditem",
  "pk": 17,
  "fields": {
    "name": "South Indian Thali",
    "description": "Full South thali (veg)",
    "price": "110.00",
    "is_active": true,
    "stall": 2,
    "stall_name": "Thali House",
    "location": "33 Block",
    "category": "North Indian",
    "image_url": "https://images.unsplash.com/photo-1589302168068-964664d93a06?w=400&h=300&fit=crop"
  }
},
{
  "model": "food.fooditem",
  "pk": 18,
  "fields": {
    "name": "Mini North Thali",
    "description": "Roti, dal, sabzi, rice, salad",
    "price": "95.00",
    "is_active": true,
    "stall": 2,
    "stall_name": "Thali House",
    "location": "33 Block",
    "category": "North Indian",
    "image_url": "https://images.unsplash.com/photo-1563379091339-03b21ab4a4f8?w=400&h=300&fit=crop"
  }
},
{
  "model": "food.fooditem",
  "pk": 19,
  "fields": {
    "name": "North Indian Thali",
    "description": "Full North thali (veg)",
    "price": "125.00",
    "is_active": true,
    "stall": 2,
    "stall_name": "Thali House",
    "location": "33 Block",
    "category": "North Indian",
    "image_url": "https://images.unsplash.com/photo-1603133872878-684f208fb74b?w=400&h=300&fit=crop"
  }
},
{
  "model": "food.fooditem",
  "pk": 20,
  "fields": {
    "name": "Executive Thali",
    "description": "Premium thali with sweet",
    "price": "150.00",
    "is_active": true,
    "stall": 2,
    "stall_name": "Thali House",
    "location": "33 Block",
    "category": "North Indian",
    "image_url": "https://images.unsplash.com/photo-1626139573537-9410a8ebdf36?w=400&h=300&fit=crop"
  }
},
{
  "model": "food.fooditem",
  "pk": 21,
  "fields": {
    "name": "Dal Tadka",
    "description": "Yellow dal tempered with spices",
    "price": "80.00",
    "is_active": true,
    "stall": 3,
    "stall_name": "Punjabi Tadka",
    "location": "31 Block",
    "category": "North Indian",
    "image_url": "https://images.unsplash.com/photo-1606491956689-2ea866880c84?w=400&h=300&fit=crop"
  }
},
{
  "model": "food.fooditem",
  "pk": 22,
  "fields": {
    "name": "Dal Makhani",
    "description": "Creamy black lentils",
    "price": "95.00",
    "is_active": true,
    "stall": 3,
    "stall_name": "Punjabi Tadka",
    "location": "31 Block",
    "category": "North Indian",
    "image_url": "https://images.unsplash.com/photo-1585937421612-70a008356fbe?w=400&h=300&fit=crop"
  }
},
{
  "model": "food.fooditem",
  "pk": 23,
  "fields": {
    "name": "Rajma",
    "description": "Kidney bean curry",
    "price": "85.00",
    "is_active": true,
    "stall": 3,
    "stall_name": "Punjabi Tadka",
    "location": "31 Block",
    "category": "North Indian",
    "image_url": "https://images.unsplash.com/photo-1626202268668-8a1c24012d03?w=400&h=300&fit=crop"
  }
},
{
  "model": "food.fooditem",
  "pk": 24,
  "fields": {
    "name": "Chole",
    "description": "Punjabi chole masala",
    "price": "85.00",
    "is_active": true,
    "stall": 3,
    "stall_name": "Punjabi Tadka",
    "location": "31 Block",
    "category": "North Indian",
    "image_url": "https://images.unsplash.com/photo-1612929633738-8fe44f7ec841?w=400&h=300&fit=crop"
  }
},
{
  "model": "food.fooditem",
  "pk": 25,
  "fields": {
    "name": "Paneer Butter Masala",
    "description": "Creamy paneer gravy",
    "price": "120.00",
    "is_active": true,
    "stall": 3,
    "stall_name": "Punjabi Tadka",
    "location": "31 Block",
    "category": "North Indian",
    "image_url": "https://images.unsplash.com/photo-1567188040759-fb8a883dc6d8?w=400&h=300&fit=crop"
  }
},
{
  "model": "food.fooditem",
  "pk": 26,
  "fields": {
    "name": "Paneer Tikka Masala",
    "description": "Smoky paneer tikka gravy",
    "price": "125.00",
    "is_active": true,
    "stall": 3,
    "stall_name": "Punjabi Tadka",
    "location": "31 Block",
    "category": "North Indian",
    "image_url": "https://images.unsplash.com/photo-1631452180519-c014fe946bc7?w=400&h=300&fit=crop"
  }
},
{
  "model": "food.fooditem",
  "pk": 27,
  "fields": {
    "name": "Kadai Paneer",
    "description": "Paneer with capsicum in kadai masala",
    "price": "120.00",
    "is_active": true,
    "stall": 3,
    "stall_name": "Punjabi Tadka",
    "location": "31 Block",
    "category": "North Indian",
    "image_url": "https://images.unsplash.com/photo-1630384060421-cb20d0e0649d?w=400&h=300&fit=crop"
  }
},
{
  "model": "food.fooditem",
  "pk": 28,
  "fields": {
    "name": "Mix Veg",
    "description": "Seasonal mixed vegetables",
    "price": "90.00",
    "is_active": true,
    "stall": 3,
    "stall_name": "Punjabi Tadka",
    "location": "31 Block",
    "category": "North Indian",
    "image_url": "https://images.unsplash.com/photo-1512621776951-a57141f2eefd?w=400&h=300&fit=crop"
  }
},
{
  "model": "food.fooditem",
  "pk": 29,
  "fields": {
    "name": "Aloo Gobi",
    "description": "Potato and cauliflower curry",
    "price": "80.00",
    "is_active": true,
    "stall": 3,
    "stall_name": "Punjabi Tadka",
    "location": "31 Block",
    "category": "North Indian",
    "image_url": "https://images.unsplash.com/photo-1601050690597-df0568f70950?w=400&h=300&fit=crop"
  }
},
{
  "model": "food.fooditem",
  "pk": 30,
  "fields": {
    "name": "Jeera Rice",
    "description": "Cumin flavored rice",
    "price": "55.00",
    "is_active": true,
    "stall": 3,
    "stall_name": "Punjabi Tadka",
    "location": "31 Block",
    "category": "North Indian",
    "image_url": "https://images.unsplash.com/photo-1590080875515-8a3a8dc5735e?w=400&h=300&fit=crop"
  }
},
{
  "model": "food.fooditem",
  "pk": 31,
  "fields": {
    "name": "Veg Pulao",
    "description": "Mild vegetable pulao",
    "price": "70.00",
    "is_active": true,
    "stall": 3,
    "stall_name": "Punjabi Tadka",
    "location": "31 Block",
    "category": "North Indian",
    "image_url": "https://images.unsplash.com/photo-1613478223719-2ab802602423?w=400&h=300&fit=crop"
  }
},
{
  "model": "food.fooditem",
  "pk": 32,
  "fields": {
    "name": "Roti",
    "description": "Whole wheat roti",
    "price": "10.00",
    "is_active": true,
    "stall": 3,
    "stall_name": "Punjabi Tadka",
    "location": "31 Block",
    "category": "North Indian",
    "image_url": "https://images.unsplash.com/photo-1615276510847-d851f3d7317d?w=400&h=300&fit=crop"
  }
},
{
  "model": "food.fooditem",
  "pk": 33,
  "fields": {
    "name": "Butter Roti",
    "description": "Buttered roti",
    "price": "12.00",
    "is_active": true,
    "stall": 3,
    "stall_name": "Punjabi Tadka",
    "location": "31 Block",
    "category": "North Indian",
    "image_url": "https://images.unsplash.com/photo-1565557623262-b51c2513a641?w=400&h=300&fit=crop"
  }
},
{
  "model": "food.fooditem",
  "pk": 34,
  "fields": {
    "name": "Plain Naan",
    "description": "Soft naan",
    "price": "18.00",
    "is_active": true,
    "stall": 3,
    "stall_name": "Punjabi Tadka",
    "location": "31 Block",
    "category": "North Indian",
    "image_url": "https://images.unsplash.com/photo-1626202268668-8a1c24012d03?w=400&h=300&fit=crop"
  }
},
{
  "model": "food.fooditem",
  "pk": 35,
  "fields": {
    "name": "Butter Naan",
    "description": "Buttered naan",
    "price": "22.00",
    "is_active": true,
    "stall": 3,
    "stall_name": "Punjabi Tadka",
    "location": "31 Block",
    "category": "North Indian",
    "image_url": "https://images.unsplash.com/photo-1606491956689-2ea866880c84?w=400&h=300&fit=crop"
  }
},
{
  "model": "food.fooditem",
  "pk": 36,
  "fields": {
    "name": "Curd",
    "description": "Fresh curd bowl",
    "price": "25.00",
    "is_active": true,
    "stall": 3,
    "stall_name": "Punjabi Tadka",
    "location": "31 Block",
    "category": "North Indian",
    "image_url": "https://images.unsplash.com/photo-1570968905869-fec089bfe23d?w=400&h=300&fit=crop"
  }
},
{
  "model": "food.fooditem",
  "pk": 37,
  "fields": {
    "name": "Papad",
    "description": "Crispy papad",
    "price": "15.00",
    "is_active": true,
    "stall": 3,
    "stall_name": "Punjabi Tadka",
    "location": "31 Block",
    "category": "North Indian",
    "image_url": "https://images.unsplash.com/photo-1612929633738-8fe44f7ec841?w=400&h=300&fit=crop"
  }
},
{
  "model": "food.fooditem",
  "pk": 38,
  "fields": {
    "name": "Gulab Jamun",
    "description": "2 pcs gulab jamun",
    "price": "35.00",
    "is_active": true,
    "stall": 3,
    "stall_name": "Punjabi Tadka",
    "location": "31 Block",
    "category": "Desserts",
    "image_url": "https://images.unsplash.com/photo-1563805042-7684c019e1cb?w=400&h=300&fit=crop"
  }
},
{
  "model": "food.fooditem",
  "pk": 39,
  "fields": {
    "name": "Veg Hakka Noodles",
    "description": "Stir-fried noodles with vegetables",
    "price": "85.00",
    "is_active": true,
    "stall": 4,
    "stall_name": "Wok n Roll",
    "location": "32 Block",
    "category": "Fast Food",
    "image_url": "https://images.unsplash.com/photo-1552611052-33e04de081de?w=400&h=300&fit=crop"
  }
},
{
  "model": "food.fooditem",
  "pk": 40,
  "fields": {
    "name": "Schezwan Noodles",
    "description": "Spicy schezwan noodles (veg)",
    "price": "95.00",
    "is_active": true,
    "stall": 4,
    "stall_name": "Wok n Roll",
    "location": "32 Block",
    "category": "Fast Food",
    "image_url": "https://images.unsplash.com/photo-1610192249866-494c72c08227?w=400&h=300&fit=crop"
  }
},
{
  "model": "food.fooditem",
  "pk": 41,
  "fields": {
    "name": "Veg Fried Rice",
    "description": "Vegetable fried rice",
    "price": "85.00",
    "is_active": true,
    "stall": 4,
    "stall_name": "Wok n Roll",
    "location": "32 Block",
    "category": "Fast Food",
    "image_url": "https://images.unsplash.com/photo-1603133872878-684f208fb74b?w=400&h=300&fit=crop"
  }
},
{
  "model": "food.fooditem",
  "pk": 42,
  "fields": {
    "name": "Schezwan Fried Rice",
    "description": "Spicy fried rice",
    "price": "95.00",
    "is_active": true,
    "stall": 4,
    "stall_name": "Wok n Roll",
    "location": "32 Block",
    "category": "Fast Food",
    "image_url": "https://images.unsplash.com/photo-1552611052-33e04de081de?w=400&h=300&fit=crop"
  }
},
{
  "model": "food.fooditem",
  "pk": 43,
  "fields": {
    "name": "Veg Manchurian (Dry)",
    "description": "Crispy veg manchurian",
    "price": "90.00",
    "is_active": true,
    "stall": 4,
    "stall_name": "Wok n Roll",
    "location": "32 Block",
    "category": "Fast Food",
    "image_url": "https://images.unsplash.com/photo-1626139573537-9410a8ebdf36?w=400&h=300&fit=crop"
  }
},
{
  "model": "food.fooditem",
  "pk": 44,
  "fields": {
    "name": "Veg Manchurian (Gravy)",
    "description": "Manchurian in gravy",
    "price": "95.00",
    "is_active": true,
    "stall": 4,
    "stall_name": "Wok n Roll",
    "location": "32 Block",
    "category": "Fast Food",
    "image_url": "https://images.unsplash.com/photo-1626202268668-8a1c24012d03?w=400&h=300&fit=crop"
  }
},
{
  "model": "food.fooditem",
  "pk": 45,
  "fields": {
    "name": "Chilli Paneer (Dry)",
    "description": "Paneer tossed in chilli sauce",
    "price": "120.00",
    "is_active": true,
    "stall": 4,
    "stall_name": "Wok n Roll",
    "location": "32 Block",
    "category": "Fast Food",
    "image_url": "https://images.unsplash.com/photo-1567188040759-fb8a883dc6d8?w=400&h=300&fit=crop"
  }
},
{
  "model": "food.fooditem",
  "pk": 46,
  "fields": {
    "name": "Chilli Paneer (Gravy)",
    "description": "Chilli paneer with gravy",
    "price": "125.00",
    "is_active": true,
    "stall": 4,
    "stall_name": "Wok n Roll",
    "location": "32 Block",
    "category": "Fast Food",
    "image_url": "https://images.unsplash.com/photo-1630384060421-cb20d0e0649d?w=400&h=300&fit=crop"
  }
},
{
  "model": "food.fooditem",
  "pk": 47,
  "fields": {
    "name": "Honey Chilli Potato",
    "description": "Crispy potato in honey chilli",
    "price": "95.00",
    "is_active": true,
    "stall": 4,
    "stall_name": "Wok n Roll",
    "location": "32 Block",
    "category": "Fast Food",
    "image_url": "https://images.unsplash.com/photo-1631452180519-c014fe946bc7?w=400&h=300&fit=crop"
  }
},
{
  "model": "food.fooditem",
  "pk": 48,
  "fields": {
    "name": "Veg Spring Roll",
    "description": "Crispy veg spring rolls",
    "price": "70.00",
    "is_active": true,
    "stall": 4,
    "stall_name": "Wok n Roll",
    "location": "32 Block",
    "category": "Fast Food",
    "image_url": "https://images.unsplash.com/photo-1625220194771-7eb6f34e9e7a?w=400&h=300&fit=crop"
  }
},
{
  "model": "food.fooditem",
  "pk": 49,
  "fields": {
    "name": "Veg Momos (Steamed)",
    "description": "Steamed veg momos",
    "price": "70.00",
    "is_active": true,
    "stall": 4,
    "stall_name": "Wok n Roll",
    "location": "32 Block",
    "category": "Fast Food",
    "image_url": "https://images.unsplash.com/photo-1533089862017-5614ecb352ae?w=400&h=300&fit=crop"
  }
},
{
  "model": "food.fooditem",
  "pk": 50,
  "fields": {
    "name": "Veg Momos (Fried)",
    "description": "Fried veg momos",
    "price": "80.00",
    "is_active": true,
    "stall": 4,
    "stall_name": "Wok n Roll",
    "location": "32 Block",
    "category": "Fast Food",
    "image_url": "https://images.unsplash.com/photo-1610192249866-494c72c08227?w=400&h=300&fit=crop"
  }
},
{
  "model": "food.fooditem",
  "pk": 51,
  "fields": {
    "name": "Paneer Momos",
    "description": "Paneer stuffed momos",
    "price": "90.00",
    "is_active": true,
    "stall": 4,
    "stall_name": "Wok n Roll",
    "location": "32 Block",
    "category": "Fast Food",
    "image_url": "https://images.unsplash.com/photo-1589302168068-964664d93a06?w=400&h=300&fit=crop"
  }
},
{
  "model": "food.fooditem",
  "pk": 52,
  "fields": {
    "name": "Manchow Soup",
    "description": "Hot veg manchow soup",
    "price": "60.00",
    "is_active": true,
    "stall": 4,
    "stall_name": "Wok n Roll",
    "location": "32 Block",
    "category": "Fast Food",
    "image_url": "https://images.unsplash.com/photo-1547592166-23ac45744acd?w=400&h=300&fit=crop"
  }
},
{
  "model": "food.fooditem",
  "pk": 53,
  "fields": {
    "name": "Hot & Sour Soup",
    "description": "Veg hot and sour soup",
    "price": "60.00",
    "is_active": true,
    "stall": 4,
    "stall_name": "Wok n Roll",
    "location": "32 Block",
    "category": "Fast Food",
    "image_url": "https://images.unsplash.com/photo-1542361345-89e58247f2d5?w=400&h=300&fit=crop"
  }
},
{
  "model": "food.fooditem",
  "pk": 54,
  "fields": {
    "name": "Veg Puff",
    "description": "Fresh baked veg puff",
    "price": "25.00",
    "is_active": true,
    "stall": 5,
    "stall_name": "Oven Express",
    "location": "Unimall",
    "category": "Fast Food",
    "image_url": "https://images.unsplash.com/photo-1626139573537-9410a8ebdf36?w=400&h=300&fit=crop"
  }
},
{
  "model": "food.fooditem",
  "pk": 55,
  "fields": {
    "name": "Paneer Puff",
    "description": "Paneer puff",
    "price": "30.00",
    "is_active": true,
    "stall": 5,
    "stall_name": "Oven Express",
    "location": "Unimall",
    "category": "Fast Food",
    "image_url": "https://images.unsplash.com/photo-1630384060421-cb20d0e0649d?w=400&h=300&fit=crop"
  }
},
{
  "model": "food.fooditem",
  "pk": 56,
  "fields": {
    "name": "Cheese Sandwich",
    "description": "Grilled cheese sandwich",
    "price": "60.00",
    "is_active": true,
    "stall": 5,
    "stall_name": "Oven Express",
    "location": "Unimall",
    "category": "Fast Food",
    "image_url": "https://images.unsplash.com/photo-1528735602780-2552fd46c7af?w=400&h=300&fit=crop"
  }
},
{
  "model": "food.fooditem",
  "pk": 57,
  "fields": {
    "name": "Veg Grilled Sandwich",
    "description": "Grilled sandwich with veggies",
    "price": "55.00",
    "is_active": true,
    "stall": 5,
    "stall_name": "Oven Express",
    "location": "Unimall",
    "category": "Fast Food",
    "image_url": "https://images.unsplash.com/photo-1554433607-66b5efe9d304?w=400&h=300&fit=crop"
  }
},
{
  "model": "food.fooditem",
  "pk": 58,
  "fields": {
    "name": "Garlic Bread",
    "description": "Toasted garlic bread",
    "price": "50.00",
    "is_active": true,
    "stall": 5,
    "stall_name": "Oven Express",
    "location": "Unimall",
    "category": "Fast Food",
    "image_url": "https://images.unsplash.com/photo-1573140247632-f519fd35b0e2?w=400&h=300&fit=crop"
  }
},
{
  "model": "food.fooditem",
  "pk": 59,
  "fields": {
    "name": "Veg Burger",
    "description": "Veg patty burger",
    "price": "70.00",
    "is_active": true,
    "stall": 5,
    "stall_name": "Oven Express",
    "location": "Unimall",
    "category": "Fast Food",
    "image_url": "https://images.unsplash.com/photo-1550547660-d9450f859349?w=400&h=300&fit=crop"
  }
},
{
  "model": "food.fooditem",
  "pk": 60,
  "fields": {
    "name": "French Fries",
    "description": "Crispy fries",
    "price": "60.00",
    "is_active": true,
    "stall": 5,
    "stall_name": "Oven Express",
    "location": "Unimall",
    "category": "Fast Food",
    "image_url": "https://images.unsplash.com/photo-1576107232684-1279f390859f?w=400&h=300&fit=crop"
  }
},
{
  "model": "food.fooditem",
  "pk": 61,
  "fields": {
    "name": "Cutting Chai",
    "description": "Strong cutting chai",
    "price": "12.00",
    "is_active": true,
    "stall": 6,
    "stall_name": "25 Block Canteen",
    "location": "25 Block",
    "category": "Beverages",
    "image_url": "https://images.unsplash.com/photo-1561336313-0bd5e0b27ec8?w=400&h=300&fit=crop"
  }
},
{
  "model": "food.fooditem",
  "pk": 62,
  "fields": {
    "name": "Ginger Tea",
    "description": "Adrak wali chai",
    "price": "15.00",
    "is_active": true,
    "stall": 6,
    "stall_name": "25 Block Canteen",
    "location": "25 Block",
    "category": "Beverages",
    "image_url": "https://images.unsplash.com/photo-1576092768241-dec231879fc3?w=400&h=300&fit=crop"
  }
},
{
  "model": "food.fooditem",
  "pk": 63,
  "fields": {
    "name": "Elaichi Tea",
    "description": "Cardamom tea",
    "price": "15.00",
    "is_active": true,
    "stall": 6,
    "stall_name": "25 Block Canteen",
    "location": "25 Block",
    "category": "Beverages",
    "image_url": "https://images.unsplash.com/photo-1544787219-7f47ccb76574?w=400&h=300&fit=crop"
  }
},
{
  "model": "food.fooditem",
  "pk": 64,
  "fields": {
    "name": "Hot Coffee",
    "description": "Classic hot coffee",
    "price": "20.00",
    "is_active": true,
    "stall": 6,
    "stall_name": "25 Block Canteen",
    "location": "25 Block",
    "category": "Beverages",
    "image_url": "https://images.unsplash.com/photo-1514432324607-a09d9b4aefdd?w=400&h=300&fit=crop"
  }
},
{
  "model": "food.fooditem",
  "pk": 65,
  "fields": {
    "name": "Badam Milk",
    "description": "Warm badam milk",
    "price": "30.00",
    "is_active": true,
    "stall": 6,
    "stall_name": "25 Block Canteen",
    "location": "25 Block",
    "category": "Beverages",
    "image_url": "https://images.unsplash.com/photo-1570968905869-fec089bfe23d?w=400&h=300&fit=crop"
  }
},
{
  "model": "food.fooditem",
  "pk": 66,
  "fields": {
    "name": "Lassi",
    "description": "Sweet lassi",
    "price": "35.00",
    "is_active": true,
    "stall": 6,
    "stall_name": "25 Block Canteen",
    "location": "25 Block",
    "category": "Beverages",
    "image_url": "https://images.unsplash.com/photo-1576092768241-dec231879fc3?w=400&h=300&fit=crop"
  }
},
{
  "model": "food.fooditem",
  "pk": 67,
  "fields": {
    "name": "Veg Biryani",
    "description": "Aromatic veg biryani",
    "price": "110.00",
    "is_active": true,
    "stall": 7,
    "stall_name": "Kitchen Ette",
    "location": "BH-1",
    "category": "North Indian",
    "image_url": "https://images.unsplash.com/photo-1563379091339-03b21ab4a4f8?w=400&h=300&fit=crop"
  }
},
{
  "model": "food.fooditem",
  "pk": 68,
  "fields": {
    "name": "Paneer Biryani",
    "description": "Paneer biryani",
    "price": "125.00",
    "is_active": true,
    "stall": 7,
    "stall_name": "Kitchen Ette",
    "location": "BH-1",
    "category": "North Indian",
    "image_url": "https://images.unsplash.com/photo-1606491956689-2ea866880c84?w=400&h=300&fit=crop"
  }
},
{
  "model": "food.fooditem",
  "pk": 69,
  "fields": {
    "name": "Veg Meal (Rice)",
    "description": "Rice + dal + sabzi + curd",
    "price": "100.00",
    "is_active": true,
    "stall": 7,
    "stall_name": "Kitchen Ette",
    "location": "BH-1",
    "category": "North Indian",
    "image_url": "https://images.unsplash.com/photo-1585937421612-70a008356fbe?w=400&h=300&fit=crop"
  }
},
{
  "model": "food.fooditem",
  "pk": 70,
  "fields": {
    "name": "Paneer Roll",
    "description": "Paneer wrap roll",
    "price": "80.00",
    "is_active": true,
    "stall": 8,
    "stall_name": "Campus Bites",
    "location": "29 Block",
    "category": "Fast Food",
    "image_url": "https://images.unsplash.com/photo-1626700051175-6818013e1d4f?w=400&h=300&fit=crop"
  }
},
{
  "model": "food.fooditem",
  "pk": 71,
  "fields": {
    "name": "Veg Frankie",
    "description": "Veg frankie roll",
    "price": "70.00",
    "is_active": true,
    "stall": 8,
    "stall_name": "Campus Bites",
    "location": "29 Block",
    "category": "Fast Food",
    "image_url": "https://images.unsplash.com/photo-1626700051175-6818013e1d4f?w=400&h=300&fit=crop"
  }
},
{
  "model": "food.fooditem",
  "pk": 72,
  "fields": {
    "name": "Veg Sandwich",
    "description": "Fresh veg sandwich",
    "price": "50.00",
    "is_active": true,
    "stall": 8,
    "stall_name": "Campus Bites",
    "location": "29 Block",
    "category": "Fast Food",
    "image_url": "https://images.unsplash.com/photo-1528735602780-2552fd46c7af?w=400&h=300&fit=crop"
  }
},
{
  "model": "food.fooditem",
  "pk": 73,
  "fields": {
    "name": "Pav Bhaji",
    "description": "Butter pav bhaji",
    "price": "90.00",
    "is_active": true,
    "stall": 8,
    "stall_name": "Campus Bites",
    "location": "29 Block",
    "category": "Fast Food",
    "image_url": "https://images.unsplash.com/photo-1601050690597-df0568f70950?w=400&h=300&fit=crop"
  }
},
{
  "model": "food.fooditem",
  "pk": 74,
  "fields": {
    "name": "Chole Bhature",
    "description": "Chole with bhature",
    "price": "110.00",
    "is_active": true,
    "stall": 8,
    "stall_name": "Campus Bites",
    "location": "29 Block",
    "category": "Fast Food",
    "image_url": "https://images.unsplash.com/photo-1626139573537-9410a8ebdf36?w=400&h=300&fit=crop"
  }
},
{
  "model": "food.fooditem",
  "pk": 75,
  "fields": {
    "name": "Poha",
    "description": "Indori style poha",
    "price": "40.00",
    "is_active": true,
    "stall": 9,
    "stall_name": "Block 27 Canteen",
    "location": "27 Block",
    "category": "All Items",
    "image_url": "https://images.unsplash.com/photo-1606491956689-2ea866880c84?w=400&h=300&fit=crop"
  }
},
{
  "model": "food.fooditem",
  "pk": 76,
  "fields": {
    "name": "Dhokla",
    "description": "Soft khaman dhokla",
    "price": "45.00",
    "is_active": true,
    "stall": 9,
    "stall_name": "Block 27 Canteen",
    "location": "27 Block",
    "category": "All Items",
    "image_url": "https://images.unsplash.com/photo-1601050690597-df0568f70950?w=400&h=300&fit=crop"
  }
},
{
  "model": "food.fooditem",
  "pk": 77,
  "fields": {
    "name": "Veg Maggi",
    "description": "Masala veg maggi",
    "price": "50.00",
    "is_active": true,
    "stall": 10,
    "stall_name": "Studio Snacks",
    "location": "Boys studios-9",
    "category": "Fast Food",
    "image_url": "https://images.unsplash.com/photo-1612929633738-8fe44f7ec841?w=400&h=300&fit=crop"
  }
},
{
  "model": "food.fooditem",
  "pk": 78,
  "fields": {
    "name": "Cheese Maggi",
    "description": "Cheesy maggi",
    "price": "60.00",
    "is_active": true,
    "stall": 10,
    "stall_name": "Studio Snacks",
    "location": "Boys studios-9",
    "category": "Fast Food",
    "image_url": "https://images.unsplash.com/photo-1626202268668-8a1c24012d03?w=400&h=300&fit=crop"
  }
},
{
  "model": "food.fooditem",
  "pk": 79,
  "fields": {
    "name": "Corn Cup",
    "description": "Butter masala corn",
    "price": "35.00",
    "is_active": true,
    "stall": 10,
    "stall_name": "Studio Snacks",
    "location": "Boys studios-9",
    "category": "Fast Food",
    "image_url": "https://images.unsplash.com/photo-1551754655-cd27e38d2076?w=400&h=300&fit=crop"
  }
},
{
  "model": "food.fooditem",
  "pk": 80,
  "fields": {
    "name": "Bhel Puri",
    "description": "Chatpata bhel puri",
    "price": "45.00",
    "is_active": true,
    "stall": 11,
    "stall_name": "GH-2 Cafe",
    "location": "Near Gh-2",
    "category": "Fast Food",
    "image_url": "https://images.unsplash.com/photo-1606491956689-2ea866880c84?w=400&h=300&fit=crop"
  }
},
{
  "model": "food.fooditem",
  "pk": 81,
  "fields": {
    "name": "Pani Puri",
    "description": "6 pcs pani puri",
    "price": "45.00",
    "is_active": true,
    "stall": 11,
    "stall_name": "GH-2 Cafe",
    "location": "Near Gh-2",
    "category": "Fast Food",
    "image_url": "https://images.unsplash.com/photo-1601050690597-df0568f70950?w=400&h=300&fit=crop"
  }
},
{
  "model": "food.fooditem",
  "pk": 82,
  "fields": {
    "name": "Dahi Puri",
    "description": "6 pcs dahi puri",
    "price": "55.00",
    "is_active": true,
    "stall": 11,
    "stall_name": "GH-2 Cafe",
    "location": "Near Gh-2",
    "category": "Fast Food",
    "image_url": "https://images.unsplash.com/photo-1596560548464-f010549b84d7?w=400&h=300&fit=crop"
  }
},
{
  "model": "food.fooditem",
  "pk": 83,
  "fields": {
    "name": "Salad Bowl",
    "description": "Fresh seasonal salad bowl",
    "price": "70.00",
    "is_active": true,
    "stall": 12,
    "stall_name": "Green Bowl",
    "location": "Uni Hospital",
    "category": "Healthy",
    "image_url": "https://images.unsplash.com/photo-1512621776951-a57141f2eefd?w=400&h=300&fit=crop"
  }
},
{
  "model": "food.fooditem",
  "pk": 84,
  "fields": {
    "name": "Fruit Bowl",
    "description": "Assorted fruit bowl",
    "price": "75.00",
    "is_active": true,
    "stall": 12,
    "stall_name": "Green Bowl",
    "location": "Uni Hospital",
    "category": "Healthy",
    "image_url": "https://images.unsplash.com/photo-1519996529931-28324d5a630e?w=400&h=300&fit=crop"
  }
},
{
  "model": "food.fooditem",
  "pk": 85,
  "fields": {
    "name": "Fresh Juice",
    "description": "Seasonal fresh juice",
    "price": "50.00",
    "is_active": true,
    "stall": 12,
    "stall_name": "Green Bowl",
    "location": "Uni Hospital",
    "category": "Beverages",
    "image_url": "https://images.unsplash.com/photo-1613478223719-2ab802602423?w=400&h=300&fit=crop"
  }
},
{
  "model": "food.fooditem",
  "pk": 86,
  "fields": {
    "name": "Soup of the Day",
    "description": "Hot vegetable soup",
    "price": "55.00",
    "is_active": true,
    "stall": 12,
    "stall_name": "Green Bowl",
    "location": "Uni Hospital",
    "category": "Healthy",
    "image_url": "https://images.unsplash.com/photo-1547592166-23ac45744acd?w=400&h=300&fit=crop"
  }
},
{
  "model": "food.fooditem",
  "pk": 87,
  "fields": {
    "name": "Sprouts Chaat",
    "description": "Sprouts with lemon and masala",
    "price": "60.00",
    "is_active": true,
    "stall": 12,
    "stall_name": "Green Bowl",
    "location": "Uni Hospital",
    "category": "Healthy",
    "image_url": "https://images.unsplash.com/photo-1512621776951-a57141f2eefd?w=400&h=300&fit=crop"
  }
},
{
  "model": "food.fooditem",
  "pk": 88,
  "fields": {
    "name": "Aloo Paratha",
    "description": "Aloo paratha with curd",
    "price": "70.00",
    "is_active": true,
    "stall": 13,
    "stall_name": "Night Mess",
    "location": "37 Block",
    "category": "North Indian",
    "image_url": "https://images.unsplash.com/photo-1606491956689-2ea866880c84?w=400&h=300&fit=crop"
  }
},
{
  "model": "food.fooditem",
  "pk": 89,
  "fields": {
    "name": "Paneer Paratha",
    "description": "Paneer paratha with curd",
    "price": "85.00",
    "is_active": true,
    "stall": 13,
    "stall_name": "Night Mess",
    "location": "37 Block",
    "category": "North Indian",
    "image_url": "https://images.unsplash.com/photo-1626202268668-8a1c24012d03?w=400&h=300&fit=crop"
  }
},
{
  "model": "food.fooditem",
  "pk": 90,
  "fields": {
    "name": "Veg Khichdi",
    "description": "Moong dal khichdi",
    "price": "80.00",
    "is_active": true,
    "stall": 14,
    "stall_name": "Apartment Canteen",
    "location": "41 Block",
    "category": "Healthy",
    "image_url": "https://images.unsplash.com/photo-1585937421612-70a008356fbe?w=400&h=300&fit=crop"
  }
},
{
  "model": "food.fooditem",
  "pk": 91,
  "fields": {
    "name": "Vegetable Upma",
    "description": "Light vegetable upma",
    "price": "40.00",
    "is_active": true,
    "stall": 14,
    "stall_name": "Apartment Canteen",
    "location": "41 Block",
    "category": "Healthy",
    "image_url": "https://images.unsplash.com/photo-1606491956689-2ea866880c84?w=400&h=300&fit=crop"
  }
},
{
  "model": "food.fooditem",
  "pk": 92,
  "fields": {
    "name": "Rice + Dal + Sabzi",
    "description": "Simple home-style meal",
    "price": "95.00",
    "is_active": true,
    "stall": 14,
    "stall_name": "Apartment Canteen",
    "location": "41 Block",
    "category": "Healthy",
    "image_url": "https://images.unsplash.com/photo-1589302168068-964664d93a06?w=400&h=300&fit=crop"
  }
},
{
  "model": "food.fooditem",
  "pk": 93,
  "fields": {
    "name": "Water Bottle",
    "description": "500ml purified water",
    "price": "20.00",
    "is_active": true,
    "stall": 6,
    "stall_name": "25 Block Canteen",
    "location": "25 Block",
    "category": "Beverages",
    "image_url": "https://images.unsplash.com/photo-1548839140-29a749e1cf4d?w=400&h=300&fit=crop"
  }
},
{
  "model": "food.fooditem",
  "pk": 94,
  "fields": {
    "name": "Soft Drink",
    "description": "300ml soft drink",
    "price": "30.00",
    "is_active": true,
    "stall": 8,
    "stall_name": "Campus Bites",
    "location": "29 Block",
    "category": "Fast Food",
    "image_url": "https://images.unsplash.com/photo-1622483767028-3f66f32aef97?w=400&h=300&fit=crop"
  }
},
{
  "model": "food.fooditem",
  "pk": 95,
  "fields": {
    "name": "Ice Cream",
    "description": "Vanilla ice cream cup",
    "price": "35.00",
    "is_active": true,
    "stall": 15,
    "stall_name": "Creamstone",
    "location": "Unimall",
    "category": "Desserts",
    "image_url": "https://images.unsplash.com/photo-1546069901-ba9599a7e63c?w=400&h=300&fit=crop"
  }
},
{
  "model": "food.breakslot",
  "pk": 1,
  "fields": {
    "name": "8am - 9am",
    "start_time": "08:00:00",
    "end_time": "09:00:00"
  }
},
{
  "model": "food.breakslot",
  "pk": 2,
  "fields": {
    "name": "9am - 10am",
    "start_time": "09:00:00",
    "end_time": "10:00:00"
  }
},
{
  "model": "food.breakslot",
  "pk": 3,
  "fields": {
    "name": "10am - 11am",
    "start_time": "10:00:00",
    "end_time": "11:00:00"
  }
},
{
  "model": "food.breakslot",
  "pk": 4,
  "fields": {
    "name": "11am - 12pm",
    "start_time": "11:00:00",
    "end_time": "12:00:00"
  }
},
{
  "model": "food.breakslot",
  "pk": 5,
  "fields": {
    "name": "12pm - 1pm",
    "start_time": "12:00:00",
    "end_time": "13:00:00"
  }
},
{
  "model": "food.breakslot",
  "pk": 6,
  "fields": {
    "name": "1pm - 2pm",
    "start_time": "13:00:00",
    "end_time": "14:00:00"
  }
},
{
  "model": "food.breakslot",
  "pk": 7,
  "fields": {
    "name": "2pm - 3pm",
    "start_time": "14:00:00",
    "end_time": "15:00:00"
  }
},
{
  "model": "food.breakslot",
  "pk": 8,
  "fields": {
    "name": "3pm - 4pm",
    "start_time": "15:00:00",
    "end_time": "16:00:00"
  }
},
{
  "model": "food.breakslot",
  "pk": 9,
  "fields": {
    "name": "4pm - 5pm",
    "start_time": "16:00:00",
    "end_time": "17:00:00"
  }
},
{
  "model": "food.breakslot",
  "pk": 10,
  "fields": {
    "name": "5pm - 6pm",
    "start_time": "17:00:00",
    "end_time": "18:00:00"
  }
},
{
  "model": "food.breakslot",
  "pk": 11,
  "fields": {
    "name": "6pm - 7pm",
    "start_time": "18:00:00",
    "end_time": "19:00:00"
  }
},
{
  "model": "food.breakslot",
  "pk": 12,
  "fields": {
    "name": "7pm - 8pm",
    "start_time": "19:00:00",
    "end_time": "20:00:00"
  }
},
{
  "model": "food.breakslot",
  "pk": 13,
  "fields": {
    "name": "8pm - 9pm",
    "start_time": "20:00:00",
    "end_time": "21:00:00"
  }
},
{
  "model": "food.breakslot",
  "pk": 14,
  "fields": {
    "name": "9pm - 10pm",
    "start_time": "21:00:00",
    "end_time": "22:00:00"
  }
}
]
